	Name	Born	Died	Occupation	born_new	died_new	lifeExp	age_ new
0	Rosaline Franklin	1920-07-25	1958-04-16	Chemist	1920-07-25	1958-04-16	13779 days	37 days 18:00:59.178082191
1	William Gosset	1876-06-13	1937-10-16	Statistician	1876-06-13	1937-10-16	22404 days	61 days 09:08:23.013698630
2	Florence Nightingale	1820-05-12	1910-08-13	Nurse	1820-05-12	1910-08-13	32964 days	90 days 07:29:45.205479452
3	Marie Curie	1867-11-07	1934-07-04	Chemist	1867-11-07	1934-07-04	24345 days	66 days 16:46:01.643835616
4	Rachel Carson	1907-05-27	1964-04-14	Biologist	1907-05-27	1964-04-14	20777 days	56 days 22:09:32.054794520
5	John Snow	1813-03-15	1858-06-16	Physician	1813-03-15	1858-06-16	16529 days	45 days 06:50:18.082191780
6	Alan Turing	1912-06-23	1954-06-07	Computer Scientist	1912-06-23	1954-06-07	15324 days	41 days 23:36:19.726027397
7	Johann Gauss	1777-04-30	1855-02-23	Mathematician	1777-04-30	1855-02-23	28422 days	77 days 20:50:37.808219178
